{
  "alpha": 2.6886802526277487,
  "xmin": 59.0,
  "ks_distance": 0.05478547711534465,
  "loglikelihood_ratio_vs_exponential": 0.5919826798875423,
  "p_value_vs_exponential": 0.5538621865971417,
  "favors_power_law": false
}